OrderID,accm_txn_complete_time
O10000,3/31/2026 1:00
O10001,3/31/2026 1:05
O10002,3/31/2026 1:10
O10003,3/31/2026 1:15
O10004,3/31/2026 1:20
O10005,3/31/2026 1:25
O10006,3/31/2026 1:30
O10007,3/31/2026 1:35
O10008,3/31/2026 1:40
O10009,3/31/2026 1:45
O10010,3/31/2026 1:50
O10011,3/31/2026 1:55
O10012,3/31/2026 2:00
O10013,3/31/2026 2:05
O10014,3/31/2026 2:10
O10015,3/31/2026 2:15
O10016,3/31/2026 2:20
O10017,3/31/2026 2:25
O10018,3/31/2026 2:30
O10019,3/31/2026 2:35
O10020,3/31/2026 2:40
O10021,3/31/2026 2:45
O10022,3/31/2026 2:50
O10023,3/31/2026 2:55
O10024,3/31/2026 3:00
O10025,3/31/2026 3:05
O10026,3/31/2026 3:10
O10027,3/31/2026 3:15
O10028,3/31/2026 3:20
O10029,3/31/2026 3:25
O10030,3/31/2026 3:30
O10031,3/31/2026 3:35
O10032,3/31/2026 3:40
O10033,3/31/2026 3:45
O10034,3/31/2026 3:50
O10035,3/31/2026 3:55
O10036,3/31/2026 4:00
O10037,3/31/2026 4:05
O10038,3/31/2026 4:10
O10039,3/31/2026 4:15
O10040,3/31/2026 4:20
O10041,3/31/2026 4:25
O10042,3/31/2026 4:30
O10043,3/31/2026 4:35
O10044,3/31/2026 4:40
O10045,3/31/2026 4:45
O10046,3/31/2026 4:50
O10047,3/31/2026 4:55
O10048,3/31/2026 5:00
O10049,3/31/2026 5:05
O10050,3/31/2026 5:10
O10051,3/31/2026 5:15
O10052,3/31/2026 5:20
O10053,3/31/2026 5:25
O10054,3/31/2026 5:30
O10055,3/31/2026 5:35
O10056,3/31/2026 5:40
O10057,3/31/2026 5:45
O10058,3/31/2026 5:50
O10059,3/31/2026 5:55
O10060,3/31/2026 6:00
O10061,3/31/2026 6:05
O10062,3/31/2026 6:10
O10063,3/31/2026 6:15
O10064,3/31/2026 6:20
O10065,3/31/2026 6:25
O10066,3/31/2026 6:30
O10067,3/31/2026 6:35
O10068,3/31/2026 6:40
O10069,3/31/2026 6:45
O10070,3/31/2026 6:50
O10071,3/31/2026 6:55
O10072,3/31/2026 7:00
O10073,3/31/2026 7:05
O10074,3/31/2026 7:10
O10075,3/31/2026 7:15
O10076,3/31/2026 7:20
O10077,3/31/2026 7:25
O10078,3/31/2026 7:30
O10079,3/31/2026 7:35
O10080,3/31/2026 7:40
O10081,3/31/2026 7:45
O10082,3/31/2026 7:50
O10083,3/31/2026 7:55
O10084,3/31/2026 8:00
O10085,3/31/2026 8:05
O10086,3/31/2026 8:10
O10087,3/31/2026 8:15
O10088,3/31/2026 8:20
O10089,3/31/2026 8:25
O10090,3/31/2026 8:30
O10091,3/31/2026 8:35
O10092,3/31/2026 8:40
O10093,3/31/2026 8:45
O10094,3/31/2026 8:50
O10095,3/31/2026 8:55
O10096,3/31/2026 9:00
O10097,3/31/2026 9:05
O10098,3/31/2026 9:10
O10099,3/31/2026 9:15
O10100,3/31/2026 9:20
O10101,3/31/2026 9:25
O10102,3/31/2026 9:30
O10103,3/31/2026 9:35
O10104,3/31/2026 9:40
O10105,3/31/2026 9:45
O10106,3/31/2026 9:50
O10107,3/31/2026 9:55
O10108,3/31/2026 10:00
O10109,3/31/2026 10:05
O10110,3/31/2026 10:10
O10111,3/31/2026 10:15
O10112,3/31/2026 10:20
O10113,3/31/2026 10:25
O10114,3/31/2026 10:30
O10115,3/31/2026 10:35
O10116,3/31/2026 10:40
O10117,3/31/2026 10:45
O10118,3/31/2026 10:50
O10119,3/31/2026 10:55
O10120,3/31/2026 11:00
O10121,3/31/2026 11:05
O10122,3/31/2026 11:10
O10123,3/31/2026 11:15
O10124,3/31/2026 11:20
O10125,3/31/2026 11:25
O10126,3/31/2026 11:30
O10127,3/31/2026 11:35
O10128,3/31/2026 11:40
O10129,3/31/2026 11:45
O10130,3/31/2026 11:50
O10131,3/31/2026 11:55
O10132,3/31/2026 12:00
O10133,3/31/2026 12:05
O10134,3/31/2026 12:10
O10135,3/31/2026 12:15
O10136,3/31/2026 12:20
O10137,3/31/2026 12:25
O10138,3/31/2026 12:30
O10139,3/31/2026 12:35
O10140,3/31/2026 12:40
O10141,3/31/2026 12:45
O10142,3/31/2026 12:50
O10143,3/31/2026 12:55
O10144,3/31/2026 13:00
O10145,3/31/2026 13:05
O10146,3/31/2026 13:10
O10147,3/31/2026 13:15
O10148,3/31/2026 13:20
O10149,3/31/2026 13:25
O10150,3/31/2026 13:30
O10151,3/31/2026 13:35
O10152,3/31/2026 13:40
O10153,3/31/2026 13:45
O10154,3/31/2026 13:50
O10155,3/31/2026 13:55
O10156,3/31/2026 14:00
O10157,3/31/2026 14:05
O10158,3/31/2026 14:10
O10159,3/31/2026 14:15
O10160,3/31/2026 14:20
O10161,3/31/2026 14:25
O10162,3/31/2026 14:30
O10163,3/31/2026 14:35
O10164,3/31/2026 14:40
O10165,3/31/2026 14:45
O10166,3/31/2026 14:50
O10167,3/31/2026 14:55
O10168,3/31/2026 15:00
O10169,3/31/2026 15:05
O10170,3/31/2026 15:10
O10171,3/31/2026 15:15
O10172,3/31/2026 15:20
O10173,3/31/2026 15:25
O10174,3/31/2026 15:30
O10175,3/31/2026 15:35
O10176,3/31/2026 15:40
O10177,3/31/2026 15:45
O10178,3/31/2026 15:50
O10179,3/31/2026 15:55
O10180,3/31/2026 16:00
O10181,3/31/2026 16:05
O10182,3/31/2026 16:10
O10183,3/31/2026 16:15
O10184,3/31/2026 16:20
O10185,3/31/2026 16:25
O10186,3/31/2026 16:30
O10187,3/31/2026 16:35
O10188,3/31/2026 16:40
O10189,3/31/2026 16:45
O10190,3/31/2026 16:50
O10191,3/31/2026 16:55
O10192,3/31/2026 17:00
O10193,3/31/2026 17:05
O10194,3/31/2026 17:10
O10195,3/31/2026 17:15
O10196,3/31/2026 17:20
O10197,3/31/2026 17:25
O10198,3/31/2026 17:30
O10199,3/31/2026 17:35
O10200,3/31/2026 17:40
O10201,3/31/2026 17:45
O10202,3/31/2026 17:50
O10203,3/31/2026 17:55
O10204,3/31/2026 18:00
O10205,3/31/2026 18:05
O10206,3/31/2026 18:10
O10207,3/31/2026 18:15
O10208,3/31/2026 18:20
O10209,3/31/2026 18:25
O10210,3/31/2026 18:30
O10211,3/31/2026 18:35
O10212,3/31/2026 18:40
O10213,3/31/2026 18:45
O10214,3/31/2026 18:50
O10215,3/31/2026 18:55
O10216,3/31/2026 19:00
O10217,3/31/2026 19:05
O10218,3/31/2026 19:10
O10219,3/31/2026 19:15
O10220,3/31/2026 19:20
O10221,3/31/2026 19:25
O10222,3/31/2026 19:30
O10223,3/31/2026 19:35
O10224,3/31/2026 19:40
O10225,3/31/2026 19:45
O10226,3/31/2026 19:50
O10227,3/31/2026 19:55
O10228,3/31/2026 20:00
O10229,3/31/2026 20:05
O10230,3/31/2026 20:10
O10231,3/31/2026 20:15
O10232,3/31/2026 20:20
O10233,3/31/2026 20:25
O10234,3/31/2026 20:30
O10235,3/31/2026 20:35
O10236,3/31/2026 20:40
O10237,3/31/2026 20:45
O10238,3/31/2026 20:50
O10239,3/31/2026 20:55
O10240,3/31/2026 21:00
O10241,3/31/2026 21:05
O10242,3/31/2026 21:10
O10243,3/31/2026 21:15
O10244,3/31/2026 21:20
O10245,3/31/2026 21:25
O10246,3/31/2026 21:30
O10247,3/31/2026 21:35
O10248,3/31/2026 21:40
O10249,3/31/2026 21:45
O10250,3/31/2026 21:50
O10251,3/31/2026 21:55
O10252,3/31/2026 22:00
O10253,3/31/2026 22:05
O10254,3/31/2026 22:10
O10255,3/31/2026 22:15
O10256,3/31/2026 22:20
O10257,3/31/2026 22:25
O10258,3/31/2026 22:30
O10259,3/31/2026 22:35
O10260,3/31/2026 22:40
O10261,3/31/2026 22:45
O10262,3/31/2026 22:50
O10263,3/31/2026 22:55
O10264,3/31/2026 23:00
O10265,3/31/2026 23:05
O10266,3/31/2026 23:10
O10267,3/31/2026 23:15
O10268,3/31/2026 23:20
O10269,3/31/2026 23:25
O10270,3/31/2026 23:30
O10271,3/31/2026 23:35
O10272,3/31/2026 23:40
O10273,3/31/2026 23:45
O10274,3/31/2026 23:50
O10275,3/31/2026 23:55
O10276,4/1/2026 0:00
O10277,4/1/2026 0:05
O10278,4/1/2026 0:10
O10279,4/1/2026 0:15
O10280,4/1/2026 0:20
O10281,4/1/2026 0:25
O10282,4/1/2026 0:30
O10283,4/1/2026 0:35
O10284,4/1/2026 0:40
O10285,4/1/2026 0:45
O10286,4/1/2026 0:50
O10287,4/1/2026 0:55
O10288,4/1/2026 1:00
O10289,4/1/2026 1:05
O10290,4/1/2026 1:10
O10291,4/1/2026 1:15
O10292,4/1/2026 1:20
O10293,4/1/2026 1:25
O10294,4/1/2026 1:30
O10295,4/1/2026 1:35
O10296,4/1/2026 1:40
O10297,4/1/2026 1:45
O10298,4/1/2026 1:50
O10299,4/1/2026 1:55
O10300,4/1/2026 2:00
O10301,4/1/2026 2:05
O10302,4/1/2026 2:10
O10303,4/1/2026 2:15
O10304,4/1/2026 2:20
O10305,4/1/2026 2:25
O10306,4/1/2026 2:30
O10307,4/1/2026 2:35
O10308,4/1/2026 2:40
O10309,4/1/2026 2:45
O10310,4/1/2026 2:50
O10311,4/1/2026 2:55
O10312,4/1/2026 3:00
O10313,4/1/2026 3:05
O10314,4/1/2026 3:10
O10315,4/1/2026 3:15
O10316,4/1/2026 3:20
O10317,4/1/2026 3:25
O10318,4/1/2026 3:30
O10319,4/1/2026 3:35
O10320,4/1/2026 3:40
O10321,4/1/2026 3:45
O10322,4/1/2026 3:50
O10323,4/1/2026 3:55
O10324,4/1/2026 4:00
O10325,4/1/2026 4:05
O10326,4/1/2026 4:10
O10327,4/1/2026 4:15
O10328,4/1/2026 4:20
O10329,4/1/2026 4:25
O10330,4/1/2026 4:30
O10331,4/1/2026 4:35
O10332,4/1/2026 4:40
O10333,4/1/2026 4:45
O10334,4/1/2026 4:50
O10335,4/1/2026 4:55
O10336,4/1/2026 5:00
O10337,4/1/2026 5:05
O10338,4/1/2026 5:10
O10339,4/1/2026 5:15
O10340,4/1/2026 5:20
O10341,4/1/2026 5:25
O10342,4/1/2026 5:30
O10343,4/1/2026 5:35
O10344,4/1/2026 5:40
O10345,4/1/2026 5:45
O10346,4/1/2026 5:50
O10347,4/1/2026 5:55
O10348,4/1/2026 6:00
O10349,4/1/2026 6:05
O10350,4/1/2026 6:10
O10351,4/1/2026 6:15
O10352,4/1/2026 6:20
O10353,4/1/2026 6:25
O10354,4/1/2026 6:30
O10355,4/1/2026 6:35
O10356,4/1/2026 6:40
O10357,4/1/2026 6:45
O10358,4/1/2026 6:50
O10359,4/1/2026 6:55
O10360,4/1/2026 7:00
O10361,4/1/2026 7:05
O10362,4/1/2026 7:10
O10363,4/1/2026 7:15
O10364,4/1/2026 7:20
O10365,4/1/2026 7:25
O10366,4/1/2026 7:30
O10367,4/1/2026 7:35
O10368,4/1/2026 7:40
O10369,4/1/2026 7:45
O10370,4/1/2026 7:50
O10371,4/1/2026 7:55
O10372,4/1/2026 8:00
O10373,4/1/2026 8:05
O10374,4/1/2026 8:10
O10375,4/1/2026 8:15
O10376,4/1/2026 8:20
O10377,4/1/2026 8:25
O10378,4/1/2026 8:30
O10379,4/1/2026 8:35
O10380,4/1/2026 8:40
O10381,4/1/2026 8:45
O10382,4/1/2026 8:50
O10383,4/1/2026 8:55
O10384,4/1/2026 9:00
O10385,4/1/2026 9:05
O10386,4/1/2026 9:10
O10387,4/1/2026 9:15
O10388,4/1/2026 9:20
O10389,4/1/2026 9:25
O10390,4/1/2026 9:30
O10391,4/1/2026 9:35
O10392,4/1/2026 9:40
O10393,4/1/2026 9:45
O10394,4/1/2026 9:50
O10395,4/1/2026 9:55
O10396,4/1/2026 10:00
O10397,4/1/2026 10:05
O10398,4/1/2026 10:10
O10399,4/1/2026 10:15
O10400,4/1/2026 10:20
O10401,4/1/2026 10:25
O10402,4/1/2026 10:30
O10403,4/1/2026 10:35
O10404,4/1/2026 10:40
O10405,4/1/2026 10:45
O10406,4/1/2026 10:50
O10407,4/1/2026 10:55
O10408,4/1/2026 11:00
O10409,4/1/2026 11:05
O10410,4/1/2026 11:10
O10411,4/1/2026 11:15
O10412,4/1/2026 11:20
O10413,4/1/2026 11:25
O10414,4/1/2026 11:30
O10415,4/1/2026 11:35
O10416,4/1/2026 11:40
O10417,4/1/2026 11:45
O10418,4/1/2026 11:50
O10419,4/1/2026 11:55
O10420,4/1/2026 12:00
O10421,4/1/2026 12:05
O10422,4/1/2026 12:10
O10423,4/1/2026 12:15
O10424,4/1/2026 12:20
O10425,4/1/2026 12:25
O10426,4/1/2026 12:30
O10427,4/1/2026 12:35
O10428,4/1/2026 12:40
O10429,4/1/2026 12:45
O10430,4/1/2026 12:50
O10431,4/1/2026 12:55
O10432,4/1/2026 13:00
O10433,4/1/2026 13:05
O10434,4/1/2026 13:10
O10435,4/1/2026 13:15
O10436,4/1/2026 13:20
O10437,4/1/2026 13:25
O10438,4/1/2026 13:30
O10439,4/1/2026 13:35
O10440,4/1/2026 13:40
O10441,4/1/2026 13:45
O10442,4/1/2026 13:50
O10443,4/1/2026 13:55
O10444,4/1/2026 14:00
O10445,4/1/2026 14:05
O10446,4/1/2026 14:10
O10447,4/1/2026 14:15
O10448,4/1/2026 14:20
O10449,4/1/2026 14:25
O10450,4/1/2026 14:30
O10451,4/1/2026 14:35
O10452,4/1/2026 14:40
O10453,4/1/2026 14:45
O10454,4/1/2026 14:50
O10455,4/1/2026 14:55
O10456,4/1/2026 15:00
O10457,4/1/2026 15:05
O10458,4/1/2026 15:10
O10459,4/1/2026 15:15
O10460,4/1/2026 15:20
O10461,4/1/2026 15:25
O10462,4/1/2026 15:30
O10463,4/1/2026 15:35
O10464,4/1/2026 15:40
O10465,4/1/2026 15:45
O10466,4/1/2026 15:50
O10467,4/1/2026 15:55
O10468,4/1/2026 16:00
O10469,4/1/2026 16:05
O10470,4/1/2026 16:10
O10471,4/1/2026 16:15
O10472,4/1/2026 16:20
O10473,4/1/2026 16:25
O10474,4/1/2026 16:30
O10475,4/1/2026 16:35
O10476,4/1/2026 16:40
O10477,4/1/2026 16:45
O10478,4/1/2026 16:50
O10479,4/1/2026 16:55
O10480,4/1/2026 17:00
O10481,4/1/2026 17:05
O10482,4/1/2026 17:10
O10483,4/1/2026 17:15
O10484,4/1/2026 17:20
O10485,4/1/2026 17:25
O10486,4/1/2026 17:30
O10487,4/1/2026 17:35
O10488,4/1/2026 17:40
O10489,4/1/2026 17:45
O10490,4/1/2026 17:50
O10491,4/1/2026 17:55
O10492,4/1/2026 18:00
O10493,4/1/2026 18:05
O10494,4/1/2026 18:10
O10495,4/1/2026 18:15
O10496,4/1/2026 18:20
O10497,4/1/2026 18:25
O10498,4/1/2026 18:30
O10499,4/1/2026 18:35
O10500,4/1/2026 18:40
O10501,4/1/2026 18:45
O10502,4/1/2026 18:50
O10503,4/1/2026 18:55
O10504,4/1/2026 19:00
O10505,4/1/2026 19:05
O10506,4/1/2026 19:10
O10507,4/1/2026 19:15
O10508,4/1/2026 19:20
O10509,4/1/2026 19:25
O10510,4/1/2026 19:30
O10511,4/1/2026 19:35
O10512,4/1/2026 19:40
O10513,4/1/2026 19:45
O10514,4/1/2026 19:50
O10515,4/1/2026 19:55
O10516,4/1/2026 20:00
O10517,4/1/2026 20:05
O10518,4/1/2026 20:10
O10519,4/1/2026 20:15
O10520,4/1/2026 20:20
O10521,4/1/2026 20:25
O10522,4/1/2026 20:30
O10523,4/1/2026 20:35
O10524,4/1/2026 20:40
O10525,4/1/2026 20:45
O10526,4/1/2026 20:50
O10527,4/1/2026 20:55
O10528,4/1/2026 21:00
O10529,4/1/2026 21:05
O10530,4/1/2026 21:10
O10531,4/1/2026 21:15
O10532,4/1/2026 21:20
O10533,4/1/2026 21:25
O10534,4/1/2026 21:30
O10535,4/1/2026 21:35
O10536,4/1/2026 21:40
O10537,4/1/2026 21:45
O10538,4/1/2026 21:50
O10539,4/1/2026 21:55
O10540,4/1/2026 22:00
O10541,4/1/2026 22:05
O10542,4/1/2026 22:10
O10543,4/1/2026 22:15
O10544,4/1/2026 22:20
O10545,4/1/2026 22:25
O10546,4/1/2026 22:30
O10547,4/1/2026 22:35
O10548,4/1/2026 22:40
O10549,4/1/2026 22:45
O10550,4/1/2026 22:50
O10551,4/1/2026 22:55
O10552,4/1/2026 23:00
O10553,4/1/2026 23:05
O10554,4/1/2026 23:10
O10555,4/1/2026 23:15
O10556,4/1/2026 23:20
O10557,4/1/2026 23:25
O10558,4/1/2026 23:30
O10559,4/1/2026 23:35
O10560,4/1/2026 23:40
O10561,4/1/2026 23:45
O10562,4/1/2026 23:50
O10563,4/1/2026 23:55
O10564,4/2/2026 0:00
O10565,4/2/2026 0:05
O10566,4/2/2026 0:10
O10567,4/2/2026 0:15
O10568,4/2/2026 0:20
O10569,4/2/2026 0:25
O10570,4/2/2026 0:30
O10571,4/2/2026 0:35
O10572,4/2/2026 0:40
O10573,4/2/2026 0:45
O10574,4/2/2026 0:50
O10575,4/2/2026 0:55
O10576,4/2/2026 1:00
O10577,4/2/2026 1:05
O10578,4/2/2026 1:10
O10579,4/2/2026 1:15
O10580,4/2/2026 1:20
O10581,4/2/2026 1:25
O10582,4/2/2026 1:30
O10583,4/2/2026 1:35
O10584,4/2/2026 1:40
O10585,4/2/2026 1:45
O10586,4/2/2026 1:50
O10587,4/2/2026 1:55
O10588,4/2/2026 2:00
O10589,4/2/2026 2:05
O10590,4/2/2026 2:10
O10591,4/2/2026 2:15
O10592,4/2/2026 2:20
O10593,4/2/2026 2:25
O10594,4/2/2026 2:30
O10595,4/2/2026 2:35
O10596,4/2/2026 2:40
O10597,4/2/2026 2:45
O10598,4/2/2026 2:50
O10599,4/2/2026 2:55
O10600,4/2/2026 3:00
O10601,4/2/2026 3:05
O10602,4/2/2026 3:10
O10603,4/2/2026 3:15
O10604,4/2/2026 3:20
O10605,4/2/2026 3:25
O10606,4/2/2026 3:30
O10607,4/2/2026 3:35
O10608,4/2/2026 3:40
O10609,4/2/2026 3:45
O10610,4/2/2026 3:50
O10611,4/2/2026 3:55
O10612,4/2/2026 4:00
O10613,4/2/2026 4:05
O10614,4/2/2026 4:10
O10615,4/2/2026 4:15
O10616,4/2/2026 4:20
O10617,4/2/2026 4:25
O10618,4/2/2026 4:30
O10619,4/2/2026 4:35
O10620,4/2/2026 4:40
O10621,4/2/2026 4:45
O10622,4/2/2026 4:50
O10623,4/2/2026 4:55
O10624,4/2/2026 5:00
O10625,4/2/2026 5:05
O10626,4/2/2026 5:10
O10627,4/2/2026 5:15
O10628,4/2/2026 5:20
O10629,4/2/2026 5:25
O10630,4/2/2026 5:30
O10631,4/2/2026 5:35
O10632,4/2/2026 5:40
O10633,4/2/2026 5:45
O10634,4/2/2026 5:50
O10635,4/2/2026 5:55
O10636,4/2/2026 6:00
O10637,4/2/2026 6:05
O10638,4/2/2026 6:10
O10639,4/2/2026 6:15
O10640,4/2/2026 6:20
O10641,4/2/2026 6:25
O10642,4/2/2026 6:30
O10643,4/2/2026 6:35
O10644,4/2/2026 6:40
O10645,4/2/2026 6:45
O10646,4/2/2026 6:50
O10647,4/2/2026 6:55
O10648,4/2/2026 7:00
O10649,4/2/2026 7:05
O10650,4/2/2026 7:10
O10651,4/2/2026 7:15
O10652,4/2/2026 7:20
O10653,4/2/2026 7:25
O10654,4/2/2026 7:30
O10655,4/2/2026 7:35
O10656,4/2/2026 7:40
O10657,4/2/2026 7:45
O10658,4/2/2026 7:50
O10659,4/2/2026 7:55
O10660,4/2/2026 8:00
O10661,4/2/2026 8:05
O10662,4/2/2026 8:10
O10663,4/2/2026 8:15
O10664,4/2/2026 8:20
O10665,4/2/2026 8:25
O10666,4/2/2026 8:30
O10667,4/2/2026 8:35
O10668,4/2/2026 8:40
O10669,4/2/2026 8:45
O10670,4/2/2026 8:50
O10671,4/2/2026 8:55
O10672,4/2/2026 9:00
O10673,4/2/2026 9:05
O10674,4/2/2026 9:10
O10675,4/2/2026 9:15
O10676,4/2/2026 9:20
O10677,4/2/2026 9:25
O10678,4/2/2026 9:30
O10679,4/2/2026 9:35
O10680,4/2/2026 9:40
O10681,4/2/2026 9:45
O10682,4/2/2026 9:50
O10683,4/2/2026 9:55
O10684,4/2/2026 10:00
O10685,4/2/2026 10:05
O10686,4/2/2026 10:10
O10687,4/2/2026 10:15
O10688,4/2/2026 10:20
O10689,4/2/2026 10:25
O10690,4/2/2026 10:30
O10691,4/2/2026 10:35
O10692,4/2/2026 10:40
O10693,4/2/2026 10:45
O10694,4/2/2026 10:50
O10695,4/2/2026 10:55
O10696,4/2/2026 11:00
O10697,4/2/2026 11:05
O10698,4/2/2026 11:10
O10699,4/2/2026 11:15
O10700,4/2/2026 11:20
O10701,4/2/2026 11:25
O10702,4/2/2026 11:30
O10703,4/2/2026 11:35
O10704,4/2/2026 11:40
O10705,4/2/2026 11:45
O10706,4/2/2026 11:50
O10707,4/2/2026 11:55
O10708,4/2/2026 12:00
O10709,4/2/2026 12:05
O10710,4/2/2026 12:10
O10711,4/2/2026 12:15
O10712,4/2/2026 12:20
O10713,4/2/2026 12:25
O10714,4/2/2026 12:30
O10715,4/2/2026 12:35
O10716,4/2/2026 12:40
O10717,4/2/2026 12:45
O10718,4/2/2026 12:50
O10719,4/2/2026 12:55
O10720,4/2/2026 13:00
O10721,4/2/2026 13:05
O10722,4/2/2026 13:10
O10723,4/2/2026 13:15
O10724,4/2/2026 13:20
O10725,4/2/2026 13:25
O10726,4/2/2026 13:30
O10727,4/2/2026 13:35
O10728,4/2/2026 13:40
O10729,4/2/2026 13:45
O10730,4/2/2026 13:50
O10731,4/2/2026 13:55
O10732,4/2/2026 14:00
O10733,4/2/2026 14:05
O10734,4/2/2026 14:10
O10735,4/2/2026 14:15
O10736,4/2/2026 14:20
O10737,4/2/2026 14:25
O10738,4/2/2026 14:30
O10739,4/2/2026 14:35
O10740,4/2/2026 14:40
O10741,4/2/2026 14:45
O10742,4/2/2026 14:50
O10743,4/2/2026 14:55
O10744,4/2/2026 15:00
O10745,4/2/2026 15:05
O10746,4/2/2026 15:10
O10747,4/2/2026 15:15
O10748,4/2/2026 15:20
O10749,4/2/2026 15:25
O10750,4/2/2026 15:30
O10751,4/2/2026 15:35
O10752,4/2/2026 15:40
O10753,4/2/2026 15:45
O10754,4/2/2026 15:50
O10755,4/2/2026 15:55
O10756,4/2/2026 16:00
O10757,4/2/2026 16:05
O10758,4/2/2026 16:10
O10759,4/2/2026 16:15
O10760,4/2/2026 16:20
O10761,4/2/2026 16:25
O10762,4/2/2026 16:30
O10763,4/2/2026 16:35
O10764,4/2/2026 16:40
O10765,4/2/2026 16:45
O10766,4/2/2026 16:50
O10767,4/2/2026 16:55
O10768,4/2/2026 17:00
O10769,4/2/2026 17:05
O10770,4/2/2026 17:10
O10771,4/2/2026 17:15
O10772,4/2/2026 17:20
O10773,4/2/2026 17:25
O10774,4/2/2026 17:30
O10775,4/2/2026 17:35
O10776,4/2/2026 17:40
O10777,4/2/2026 17:45
O10778,4/2/2026 17:50
O10779,4/2/2026 17:55
O10780,4/2/2026 18:00
O10781,4/2/2026 18:05
O10782,4/2/2026 18:10
O10783,4/2/2026 18:15
O10784,4/2/2026 18:20
O10785,4/2/2026 18:25
O10786,4/2/2026 18:30
O10787,4/2/2026 18:35
O10788,4/2/2026 18:40
O10789,4/2/2026 18:45
O10790,4/2/2026 18:50
O10791,4/2/2026 18:55
O10792,4/2/2026 19:00
O10793,4/2/2026 19:05
O10794,4/2/2026 19:10
O10795,4/2/2026 19:15
O10796,4/2/2026 19:20
O10797,4/2/2026 19:25
O10798,4/2/2026 19:30
O10799,4/2/2026 19:35
O10800,4/2/2026 19:40
O10801,4/2/2026 19:45
O10802,4/2/2026 19:50
O10803,4/2/2026 19:55
O10804,4/2/2026 20:00
O10805,4/2/2026 20:05
O10806,4/2/2026 20:10
O10807,4/2/2026 20:15
O10808,4/2/2026 20:20
O10809,4/2/2026 20:25
O10810,4/2/2026 20:30
O10811,4/2/2026 20:35
O10812,4/2/2026 20:40
O10813,4/2/2026 20:45
O10814,4/2/2026 20:50
O10815,4/2/2026 20:55
O10816,4/2/2026 21:00
O10817,4/2/2026 21:05
O10818,4/2/2026 21:10
O10819,4/2/2026 21:15
O10820,4/2/2026 21:20
O10821,4/2/2026 21:25
O10822,4/2/2026 21:30
O10823,4/2/2026 21:35
O10824,4/2/2026 21:40
O10825,4/2/2026 21:45
O10826,4/2/2026 21:50
O10827,4/2/2026 21:55
O10828,4/2/2026 22:00
O10829,4/2/2026 22:05
O10830,4/2/2026 22:10
O10831,4/2/2026 22:15
O10832,4/2/2026 22:20
O10833,4/2/2026 22:25
O10834,4/2/2026 22:30
O10835,4/2/2026 22:35
O10836,4/2/2026 22:40
O10837,4/2/2026 22:45
O10838,4/2/2026 22:50
O10839,4/2/2026 22:55
O10840,4/2/2026 23:00
O10841,4/2/2026 23:05
O10842,4/2/2026 23:10
O10843,4/2/2026 23:15
O10844,4/2/2026 23:20
O10845,4/2/2026 23:25
O10846,4/2/2026 23:30
O10847,4/2/2026 23:35
O10848,4/2/2026 23:40
O10849,4/2/2026 23:45
O10850,4/2/2026 23:50
O10851,4/2/2026 23:55
O10852,4/3/2026 0:00
O10853,4/3/2026 0:05
O10854,4/3/2026 0:10
O10855,4/3/2026 0:15
O10856,4/3/2026 0:20
O10857,4/3/2026 0:25
O10858,4/3/2026 0:30
O10859,4/3/2026 0:35
O10860,4/3/2026 0:40
O10861,4/3/2026 0:45
O10862,4/3/2026 0:50
O10863,4/3/2026 0:55
O10864,4/3/2026 1:00
O10865,4/3/2026 1:05
O10866,4/3/2026 1:10
O10867,4/3/2026 1:15
O10868,4/3/2026 1:20
O10869,4/3/2026 1:25
O10870,4/3/2026 1:30
O10871,4/3/2026 1:35
O10872,4/3/2026 1:40
O10873,4/3/2026 1:45
O10874,4/3/2026 1:50
O10875,4/3/2026 1:55
O10876,4/3/2026 2:00
O10877,4/3/2026 2:05
O10878,4/3/2026 2:10
O10879,4/3/2026 2:15
O10880,4/3/2026 2:20
O10881,4/3/2026 2:25
O10882,4/3/2026 2:30
O10883,4/3/2026 2:35
O10884,4/3/2026 2:40
O10885,4/3/2026 2:45
O10886,4/3/2026 2:50
O10887,4/3/2026 2:55
O10888,4/3/2026 3:00
O10889,4/3/2026 3:05
O10890,4/3/2026 3:10
O10891,4/3/2026 3:15
O10892,4/3/2026 3:20
O10893,4/3/2026 3:25
O10894,4/3/2026 3:30
O10895,4/3/2026 3:35
O10896,4/3/2026 3:40
O10897,4/3/2026 3:45
O10898,4/3/2026 3:50
O10899,4/3/2026 3:55
O10900,4/3/2026 4:00
O10901,4/3/2026 4:05
O10902,4/3/2026 4:10
O10903,4/3/2026 4:15
O10904,4/3/2026 4:20
O10905,4/3/2026 4:25
O10906,4/3/2026 4:30
O10907,4/3/2026 4:35
O10908,4/3/2026 4:40
O10909,4/3/2026 4:45
O10910,4/3/2026 4:50
O10911,4/3/2026 4:55
O10912,4/3/2026 5:00
O10913,4/3/2026 5:05
O10914,4/3/2026 5:10
O10915,4/3/2026 5:15
O10916,4/3/2026 5:20
O10917,4/3/2026 5:25
O10918,4/3/2026 5:30
O10919,4/3/2026 5:35
O10920,4/3/2026 5:40
O10921,4/3/2026 5:45
O10922,4/3/2026 5:50
O10923,4/3/2026 5:55
O10924,4/3/2026 6:00
O10925,4/3/2026 6:05
O10926,4/3/2026 6:10
O10927,4/3/2026 6:15
O10928,4/3/2026 6:20
O10929,4/3/2026 6:25
O10930,4/3/2026 6:30
O10931,4/3/2026 6:35
O10932,4/3/2026 6:40
O10933,4/3/2026 6:45
O10934,4/3/2026 6:50
O10935,4/3/2026 6:55
O10936,4/3/2026 7:00
O10937,4/3/2026 7:05
O10938,4/3/2026 7:10
O10939,4/3/2026 7:15
O10940,4/3/2026 7:20
O10941,4/3/2026 7:25
O10942,4/3/2026 7:30
O10943,4/3/2026 7:35
O10944,4/3/2026 7:40
O10945,4/3/2026 7:45
O10946,4/3/2026 7:50
O10947,4/3/2026 7:55
O10948,4/3/2026 8:00
O10949,4/3/2026 8:05
O10950,4/3/2026 8:10
O10951,4/3/2026 8:15
O10952,4/3/2026 8:20
O10953,4/3/2026 8:25
O10954,4/3/2026 8:30
O10955,4/3/2026 8:35
O10956,4/3/2026 8:40
O10957,4/3/2026 8:45
O10958,4/3/2026 8:50
O10959,4/3/2026 8:55
O10960,4/3/2026 9:00
O10961,4/3/2026 9:05
O10962,4/3/2026 9:10
O10963,4/3/2026 9:15
O10964,4/3/2026 9:20
O10965,4/3/2026 9:25
O10966,4/3/2026 9:30
O10967,4/3/2026 9:35
O10968,4/3/2026 9:40
O10969,4/3/2026 9:45
O10970,4/3/2026 9:50
O10971,4/3/2026 9:55
O10972,4/3/2026 10:00
O10973,4/3/2026 10:05
O10974,4/3/2026 10:10
O10975,4/3/2026 10:15
O10976,4/3/2026 10:20
O10977,4/3/2026 10:25
O10978,4/3/2026 10:30
O10979,4/3/2026 10:35
O10980,4/3/2026 10:40
O10981,4/3/2026 10:45
O10982,4/3/2026 10:50
O10983,4/3/2026 10:55
O10984,4/3/2026 11:00
O10985,4/3/2026 11:05
O10986,4/3/2026 11:10
O10987,4/3/2026 11:15
O10988,4/3/2026 11:20
O10989,4/3/2026 11:25
O10990,4/3/2026 11:30
O10991,4/3/2026 11:35
O10992,4/3/2026 11:40
O10993,4/3/2026 11:45
O10994,4/3/2026 11:50
O10995,4/3/2026 11:55
O10996,4/3/2026 12:00
O10997,4/3/2026 12:05
O10998,4/3/2026 12:10
O10999,4/3/2026 12:15
